Workbook
Name Segment_Maintenance_Rx.Technologie: #N/A

Sheet Client
A1: Source.Name | B1: ID_Client | C1: Province_Client | D1: Anciennete_Mois | E1: Type_Forfait | F1: Duree_Cumulee_Panne_Min | G1: Facture_Mensuelle | H1: Plaintes_Service_Client
A2: Clients_Churn_Part_01.xlsx | B2: CLI-01147 | C2: Ituri | D2: 29 | E2: Premium 5G 150Go | F2: 214 | G2: 74.7 | H2: 3
A3: Clients_Churn_Part_01.xlsx | B3: CLI-00894 | C3: Tshuapa | D3: 63 | E3: Pro Monde | F3: 205 | G3: 89.19 | H3: 0
A4: Clients_Churn_Part_01.xlsx | B4: CLI-00865 | C4: Mongala | D4: 34 | E4: Pro Monde | F4: 453 | G4: 56.84 | H4: 0
A5: Clients_Churn_Part_01.xlsx | B5: CLI-01325 | C5: Haut-Lomami | D5: 44 | E5: Bloqué 5Go | F5: 348 | G5: 58.67 | H5: 0
A6: Clients_Churn_Part_01.xlsx | B6: CLI-01855 | C6: Sud-Kivu | D6: 101 | E6: Illimité 50Go | F6: 358 | G6: 29.24 | H6: 3
A7: Clients_Churn_Part_01.xlsx | B7: CLI-00076 | C7: Haut-Katanga | D7: 46 | E7: Premium 5G 150Go | F7: 283 | G7: 56.05 | H7: 1
A8: Clients_Churn_Part_01.xlsx | B8: CLI-00414 | C8: Bas-Uele | D8: 99 | E8: Premium 5G 150Go | F8: 447 | G8: 38.1 | H8: 3
A9: Clients_Churn_Part_01.xlsx | B9: CLI-00327 | C9: Haut-Katanga | D9: 6 | E9: Illimité 50Go | F9: 155 | G9: 40.66 | H9: 1
A10: Clients_Churn_Part_01.xlsx | B10: CLI-00559 | C10: Kasai | D10: 99 | E10: Bloqué 5Go | F10: 369 | G10: 67.21 | H10: 3
A11: Clients_Churn_Part_01.xlsx | B11: CLI-00280 | C11: Sud-Ubangi | D11: 113 | E11: Illimité 50Go | F11: 380 | G11: 12.11 | H11: 0
A12: Clients_Churn_Part_01.xlsx | B12: CLI-00060 | C12: Kasai-Central | D12: 72 | E12: Pro Monde | F12: 160 | G12: 90.13 | H12: 2
A13: Clients_Churn_Part_01.xlsx | B13: CLI-00530 | C13: Sankuru | D13: 35 | E13: Pro Monde | F13: 465 | G13: 58.59 | H13: 5
... A749: Clients_Churn_Part_15.xlsx | B749: CLI-00800 | C749: Nord-Kivu | D749: 4 | E749: Bloqué 5Go | F749: 21 | G749: 45.8 | H749: 1

Sheet Logs_Reseau2
A1: Source.Name | B1: Date_Heure_Panne | C1: Cell_ID | D1: Duree_Panne_Min | E1: Statut_Resolution | F1: Date_Heure_Panne - Copier
A2: Logs_Reseau_Part_01.xlsx | B2: 45208 | C2: ANT-0004 | D2: 38 | E2: Résolu | F2: 0.30138889
A3: Logs_Reseau_Part_01.xlsx | B3: 45204 | C3: ANT-0977 | D3: 100 | E3: Non Résolu | F3: 0.9625
A4: Logs_Reseau_Part_01.xlsx | B4: 45221 | C4: ANT-0740 | D4: 79 | E4: En Cours | F4: 0.99791667
A5: Logs_Reseau_Part_01.xlsx | B5: 45217 | C5: ANT-0897 | D5: 59 | E5: Résolu | F5: 0.10902778
A6: Logs_Reseau_Part_01.xlsx | B6: 45213 | C6: ANT-0737 | D6: 119 | E6: Non Résolu | F6: 0.042361111
A7: Logs_Reseau_Part_01.xlsx | B7: 45202 | C7: ANT-0270 | D7: 79 | E7: Résolu | F7: 0.25972222
A8: Logs_Reseau_Part_01.xlsx | B8: 45216 | C8: ANT-0996 | D8: 56 | E8: Résolu | F8: 0.79236111
A9: Logs_Reseau_Part_01.xlsx | B9: 45217 | C9: ANT-0513 | D9: 51 | E9: Non Résolu | F9: 0.28125
A10: Logs_Reseau_Part_01.xlsx | B10: 45220 | C10: ANT-0781 | D10: 33 | E10: En Cours | F10: 0.94027778
A11: Logs_Reseau_Part_01.xlsx | B11: 45213 | C11: ANT-0183 | D11: 22 | E11: Non Résolu | F11: 0.31111111
A12: Logs_Reseau_Part_01.xlsx | B12: 45218 | C12: ANT-0520 | D12: 70 | E12: Résolu | F12: 0.36875
A13: Logs_Reseau_Part_01.xlsx | B13: 45225 | C13: ANT-0109 | D13: 16 | E13: Non Résolu | F13: 0.23888889
... A1034: Logs_Reseau_Part_25.xlsx | B1034: 45229 | C1034: ANT-0635 | D1034: 37 | E1034: En Cours | F1034: 0.98680556

Sheet Maintenance_Rx
A1: Source.Name | B1: ID_Antenne | C1: Province_RDC | D1: Latitude | E1: Longitude | F1: Technologie | G1: Equipementier
A2: Registre_Maintenance_Part_01.xlsx | B2: ANT-0622 | C2: Haut-Uele | D2: -3.003879 | E2: 23.633893 | F2: 5G | G2: Ericsson
A3: Registre_Maintenance_Part_01.xlsx | B3: ANT-0084 | C3: Kwilu | D3: 2.413557 | E3: 19.690682 | F3: 4G | G3: Huawei
A4: Registre_Maintenance_Part_01.xlsx | B4: ANT-0862 | C4: Tanganyika | D4: -9.470862 | E4: 29.234388 | F4: 3G | G4: ZTE
A5: Registre_Maintenance_Part_01.xlsx | B5: ANT-0288 | C5: Tshopo | D5: 1.400674 | E5: 13.503127 | F5: 5G | G5: ZTE
A6: Registre_Maintenance_Part_01.xlsx | B6: ANT-0880 | C6: Haut-Uele | D6: 0.293756 | E6: 18.528884 | F6: 5G | G6: ZTE
A7: Registre_Maintenance_Part_01.xlsx | B7: ANT-0847 | C7: Maniema | D7: -4.486234 | E7: 17.956159 | F7: 3G | G7: Huawei
A8: Registre_Maintenance_Part_01.xlsx | B8: ANT-0144 | C8: Tanganyika | D8: -12.824639 | E8: 24.407249 | F8: 5G | G8: Huawei
A9: Registre_Maintenance_Part_01.xlsx | B9: ANT-0913 | C9: Kinshasa | D9: -5.412628 | E9: 25.498236 | F9: 5G | G9: ZTE
A10: Registre_Maintenance_Part_01.xlsx | B10: ANT-0552 | C10: Kinshasa | D10: -10.57951 | E10: 23.502314 | F10: 4G | G10: ZTE
A11: Registre_Maintenance_Part_01.xlsx | B11: ANT-0202 | C11: Tshuapa | D11: 3.078867 | E11: 19.513651 | F11: 5G | G11: Huawei
A12: Registre_Maintenance_Part_01.xlsx | B12: ANT-0270 | C12: Kasai-Central | D12: -1.648264 | E12: 28.866144 | F12: 5G | G12: Ericsson
A13: Registre_Maintenance_Part_01.xlsx | B13: ANT-0752 | C13: Nord-Kivu | D13: -3.388313 | E13: 26.838507 | F13: 5G | G13: Nokia
... A499: Registre_Maintenance_Part_10.xlsx | B499: ANT-0090 | C499: Kasai-Central | D499: -7.337934 | E499: 28.404002 | F499: 3G | G499: Nokia

Sheet Vlookup
A1: Source.Name | B1: Date_Heure_Panne | C1: Date_Heure_Panne - Copier | D1: Cell_ID | E1: Duree_Panne_Min | F1: Statut_Resolution | G1: Maintenance_Rx.ID_Antenne | H1: Maintenance_Rx.Province_RDC | I1: Maintenance_Rx.Latitude | J1: Maintenance_Rx.Longitude | K1: Maintenance_Rx.Technologie | L1: Maintenance_Rx.Equipementier
A2: Logs_Reseau_Part_01.xlsx | B2: 45212 | C2: 0.14027778 | D2: ANT-0862 | E2: 19 | F2: Non Résolu | G2: ANT-0862 | H2: Tanganyika | I2: -9.470862 | J2: 29.234388 | K2: 3G | L2: ZTE
A3: Logs_Reseau_Part_01.xlsx | B3: 45213 | C3: 0.042361111 | D3: ANT-0737 | E3: 119 | F3: Non Résolu | G3: ANT-0737 | H3: Kongo-Central | I3: -2.821152 | J3: 20.651419 | K3: 5G | L3: Ericsson
A4: Logs_Reseau_Part_01.xlsx | B4: 45202 | C4: 0.25972222 | D4: ANT-0270 | E4: 79 | F4: Résolu | G4: ANT-0270 | H4: Kasai-Central | I4: -1.648264 | J4: 28.866144 | K4: 5G | L4: Ericsson
A5: Logs_Reseau_Part_03.xlsx | B5: 45210 | C5: 0.56805556 | D5: ANT-0913 | E5: 96 | F5: Résolu | G5: ANT-0913 | H5: Kinshasa | I5: -5.412628 | J5: 25.498236 | K5: 5G | L5: ZTE
A6: Logs_Reseau_Part_01.xlsx | B6: 45213 | C6: 0.31111111 | D6: ANT-0183 | E6: 22 | F6: Non Résolu | G6: ANT-0183 | H6: Kwango | I6: 4.831904 | J6: 20.733469 | K6: 5G | L6: Ericsson
A7: Logs_Reseau_Part_01.xlsx | B7: 45218 | C7: 0.36875 | D7: ANT-0520 | E7: 70 | F7: Résolu | G7: ANT-0520 | H7: Lomami | I7: -8.422786 | J7: 16.781293 | K7: 4G | L7: Huawei
A8: Logs_Reseau_Part_01.xlsx | B8: 45208 | C8: 0.073611111 | D8: ANT-0520 | E8: 85 | F8: Non Résolu | G8: ANT-0520 | H8: Lomami | I8: -8.422786 | J8: 16.781293 | K8: 4G | L8: Huawei
A9: Logs_Reseau_Part_01.xlsx | B9: 45204 | C9: 0.28333333 | D9: ANT-0641 | E9: 11 | F9: En Cours | G9: ANT-0641 | H9: Lomami | I9: -2.237157 | J9: 25.926188 | K9: 3G | L9: Nokia
A10: Logs_Reseau_Part_05.xlsx | B10: 45215 | C10: 0.37638889 | D10: ANT-0641 | E10: 65 | F10: En Cours | G10: ANT-0641 | H10: Lomami | I10: -2.237157 | J10: 25.926188 | K10: 3G | L10: Nokia
A11: Logs_Reseau_Part_03.xlsx | B11: 45216 | C11: 0.90277778 | D11: ANT-0642 | E11: 20 | F11: En Cours | G11: ANT-0642 | H11: Kwilu | I11: -4.240836 | J11: 26.210014 | K11: 4G | L11: Huawei
A12: Logs_Reseau_Part_08.xlsx | B12: 45221 | C12: 0.37638889 | D12: ANT-0079 | E12: 59 | F12: En Cours | G12: ANT-0079 | H12: Maniema | I12: -8.482467 | J12: 21.897778 | K12: 5G | L12: Ericsson
A13: Logs_Reseau_Part_02.xlsx | B13: 45216 | C13: 0.67361111 | D13: ANT-0078 | E13: 117 | F13: Résolu | G13: ANT-0078 | H13: Sud-Ubangi | I13: -12.141233 | J13: 15.179044 | K13: 5G | L13: Ericsson
... A524: Logs_Reseau_Part_25.xlsx | B524: 45209 | C524: 0.91388889 | D524: ANT-0292 | E524: 111 | F524: En Cours | G524: ANT-0292 | H524: Bas-Uele | I524: -6.419719 | J524: 22.287264 | K524: 3G | L524: Ericsson

Sheet TCD
B3: Valeurs | C3: Maintenance_Rx.Technologie
B4: Nombre de Client.ID_Client | C4: Somme de Duree_Cumulee_Panne_Min | D4: Total Nombre de Client.ID_Client | E4: Total Somme de Duree_Cumulee_Panne_Min
A5: Maintenance_Rx.Province_RDC | B5: 3G | C5: 3G
A6: Bas-Uele | B6: 32 | C6: 6.3319444 | D6: 32 | E6: 6.3319444
A7: Haut-Katanga | B7: 38 | C7: 13.416667 | D7: 38 | E7: 13.416667
A8: Ituri | B8: 37 | C8: 19.6625 | D8: 37 | E8: 19.6625
A9: Kasai-Oriental | B9: 30 | C9: 24.790278 | D9: 30 | E9: 24.790278
A10: Lualaba | B10: 20 | C10: 27.2875 | D10: 20 | E10: 27.2875
A11: Tanganyika | B11: 30 | C11: 31.959028 | D11: 30 | E11: 31.959028
A12: Tshopo | B12: 26 | C12: 35.721528 | D12: 26 | E12: 35.721528
A13: Total général | B13: 213 | D13: 213

Sheet Matrice1
A1: Source.Name | B1: Date_Heure_Panne | C1: Date_Heure_Panne - Copier | D1: Cell_ID | E1: Duree_Panne_Min | F1: Statut_Resolution | G1: Maintenance_Rx.ID_Antenne | H1: Maintenance_Rx.Province_RDC | I1: Maintenance_Rx.Latitude | J1: Maintenance_Rx.Longitude | K1: Maintenance_Rx.Technologie | L1: Maintenance_Rx.Equipementier | M1: Client.ID_Client | N1: Client.Province_Client | O1: Anciennete_Mois | P1: Client.Anciennete_Mois2 | Q1: Client.Type_Forfait | R1: Duree_Cumulee_Panne_Min | S1: Client.Duree_Cumulee_Panne_Min | T1: Client.Facture_Mensuelle | U1: Client.Plaintes_Service_Client | V1: Remise | W1: Pertes_R
A2: Logs_Reseau_Part_01.xlsx | B2: 45212 | C2: 0.14027778 | D2: ANT-0862 | E2: 19 | F2: Non Résolu | G2: ANT-0862 | H2: Tanganyika | I2: -9.470862 | J2: 29.234388 | K2: 3G | L2: ZTE | M2: CLI-01618 | N2: Tanganyika | O2: =INT(Matrice1!$P2/12) & " ans et " & MOD(Matrice1!$P2,12) & " mois" -> 9 ans et 7 mois | P2: 115 | Q2: Bloqué 5Go | R2: =Matrice1!$S2/1440 -> 0.12222222 | S2: 176 | T2: 33.28 | U2: 4 | V2: =IF(Matrice1!$Q2="Pro Monde",10%,IF(AND(Matrice1!$R2>12,Matrice1!$O2>5),70%,IF(AND(OR(Matrice1!$R2>=4,Matrice1!$R2<=12,Matrice1!$O2<5,(OR(Matrice1!$Q2="Premium ")))),45%,0%))) -> 0.45 | W2: =Matrice1!$T2* (Matrice1!$V2/100) -> 0.14976
A3: Logs_Reseau_Part_01.xlsx | B3: 45212 | C3: 0.14027778 | D3: ANT-0862 | E3: 19 | F3: Non Résolu | G3: ANT-0862 | H3: Tanganyika | I3: -9.470862 | J3: 29.234388 | K3: 3G | L3: ZTE | M3: CLI-00232 | N3: Tanganyika | O3: =INT(Matrice1!$P3/12) & " ans et " & MOD(Matrice1!$P3,12) & " mois" -> 5 ans et 9 mois | P3: 69 | Q3: Bloqué 5Go | R3: =Matrice1!$S3/1440 -> 0.2125 | S3: 306 | T3: 13.97 | U3: 1 | V3: =IF(Matrice1!$Q3="Pro Monde",10%,IF(AND(Matrice1!$R3>12,Matrice1!$O3>5),70%,IF(AND(OR(Matrice1!$R3>=4,Matrice1!$R3<=12,Matrice1!$O3<5,(OR(Matrice1!$Q3="Premium ")))),45%,0%))) -> 0.45 | W3: =Matrice1!$T3* (Matrice1!$V3/100) -> 0.062865
A4: Logs_Reseau_Part_01.xlsx | B4: 45212 | C4: 0.14027778 | D4: ANT-0862 | E4: 19 | F4: Non Résolu | G4: ANT-0862 | H4: Tanganyika | I4: -9.470862 | J4: 29.234388 | K4: 3G | L4: ZTE | M4: CLI-01802 | N4: Tanganyika | O4: =INT(Matrice1!$P4/12) & " ans et " & MOD(Matrice1!$P4,12) & " mois" -> 4 ans et 7 mois | P4: 55 | Q4: Bloqué 5Go | R4: =Matrice1!$S4/1440 -> 0.28263889 | S4: 407 | T4: 23.11 | U4: 0 | V4: =IF(Matrice1!$Q4="Pro Monde",10%,IF(AND(Matrice1!$R4>12,Matrice1!$O4>5),70%,IF(AND(OR(Matrice1!$R4>=4,Matrice1!$R4<=12,Matrice1!$O4<5,(OR(Matrice1!$Q4="Premium ")))),45%,0%))) -> 0.45 | W4: =Matrice1!$T4* (Matrice1!$V4/100) -> 0.103995
A5: Logs_Reseau_Part_01.xlsx | B5: 45212 | C5: 0.14027778 | D5: ANT-0862 | E5: 19 | F5: Non Résolu | G5: ANT-0862 | H5: Tanganyika | I5: -9.470862 | J5: 29.234388 | K5: 3G | L5: ZTE | M5: CLI-01607 | N5: Tanganyika | O5: =INT(Matrice1!$P5/12) & " ans et " & MOD(Matrice1!$P5,12) & " mois" -> 6 ans et 11 mois | P5: 83 | Q5: Pro Monde | R5: =Matrice1!$S5/1440 -> 0.15208333 | S5: 219 | T5: 52.26 | U5: 1 | V5: =IF(Matrice1!$Q5="Pro Monde",10%,IF(AND(Matrice1!$R5>12,Matrice1!$O5>5),70%,IF(AND(OR(Matrice1!$R5>=4,Matrice1!$R5<=12,Matrice1!$O5<5,(OR(Matrice1!$Q5="Premium ")))),45%,0%))) -> 0.1 | W5: =Matrice1!$T5* (Matrice1!$V5/100) -> 0.05226
A6: Logs_Reseau_Part_01.xlsx | B6: 45212 | C6: 0.14027778 | D6: ANT-0862 | E6: 19 | F6: Non Résolu | G6: ANT-0862 | H6: Tanganyika | I6: -9.470862 | J6: 29.234388 | K6: 3G | L6: ZTE | M6: CLI-00017 | N6: Tanganyika | O6: =INT(Matrice1!$P6/12) & " ans et " & MOD(Matrice1!$P6,12) & " mois" -> 2 ans et 5 mois | P6: 29 | Q6: Illimité 50Go | R6: =Matrice1!$S6/1440 -> 0.086111111 | S6: 124 | T6: 43.83 | U6: 5 | V6: =IF(Matrice1!$Q6="Pro Monde",10%,IF(AND(Matrice1!$R6>12,Matrice1!$O6>5),70%,IF(AND(OR(Matrice1!$R6>=4,Matrice1!$R6<=12,Matrice1!$O6<5,(OR(Matrice1!$Q6="Premium ")))),45%,0%))) -> 0.45 | W6: =Matrice1!$T6* (Matrice1!$V6/100) -> 0.197235
A7: Logs_Reseau_Part_01.xlsx | B7: 45212 | C7: 0.14027778 | D7: ANT-0862 | E7: 19 | F7: Non Résolu | G7: ANT-0862 | H7: Tanganyika | I7: -9.470862 | J7: 29.234388 | K7: 3G | L7: ZTE | M7: CLI-00617 | N7: Tanganyika | O7: =INT(Matrice1!$P7/12) & " ans et " & MOD(Matrice1!$P7,12) & " mois" -> 6 ans et 11 mois | P7: 83 | Q7: Pro Monde | R7: =Matrice1!$S7/1440 -> 0.29166667 | S7: 420 | T7: 94.9 | U7: 1 | V7: =IF(Matrice1!$Q7="Pro Monde",10%,IF(AND(Matrice1!$R7>12,Matrice1!$O7>5),70%,IF(AND(OR(Matrice1!$R7>=4,Matrice1!$R7<=12,Matrice1!$O7<5,(OR(Matrice1!$Q7="Premium ")))),45%,0%))) -> 0.1 | W7: =Matrice1!$T7* (Matrice1!$V7/100) -> 0.0949
A8: Logs_Reseau_Part_01.xlsx | B8: 45212 | C8: 0.14027778 | D8: ANT-0862 | E8: 19 | F8: Non Résolu | G8: ANT-0862 | H8: Tanganyika | I8: -9.470862 | J8: 29.234388 | K8: 3G | L8: ZTE | M8: CLI-00899 | N8: Tanganyika | O8: =INT(Matrice1!$P8/12) & " ans et " & MOD(Matrice1!$P8,12) & " mois" -> 4 ans et 0 mois | P8: 48 | Q8: Pro Monde | R8: =Matrice1!$S8/1440 -> 0.052777778 | S8: 76 | T8: 39.35 | U8: 2 | V8: =IF(Matrice1!$Q8="Pro Monde",10%,IF(AND(Matrice1!$R8>12,Matrice1!$O8>5),70%,IF(AND(OR(Matrice1!$R8>=4,Matrice1!$R8<=12,Matrice1!$O8<5,(OR(Matrice1!$Q8="Premium ")))),45%,0%))) -> 0.1 | W8: =Matrice1!$T8* (Matrice1!$V8/100) -> 0.03935
A9: Logs_Reseau_Part_01.xlsx | B9: 45212 | C9: 0.14027778 | D9: ANT-0862 | E9: 19 | F9: Non Résolu | G9: ANT-0862 | H9: Tanganyika | I9: -9.470862 | J9: 29.234388 | K9: 3G | L9: ZTE | M9: CLI-00007 | N9: Tanganyika | O9: =INT(Matrice1!$P9/12) & " ans et " & MOD(Matrice1!$P9,12) & " mois" -> 9 ans et 2 mois | P9: 110 | Q9: Bloqué 5Go | R9: =Matrice1!$S9/1440 -> 0.077777778 | S9: 112 | T9: 98.95 | U9: 5 | V9: =IF(Matrice1!$Q9="Pro Monde",10%,IF(AND(Matrice1!$R9>12,Matrice1!$O9>5),70%,IF(AND(OR(Matrice1!$R9>=4,Matrice1!$R9<=12,Matrice1!$O9<5,(OR(Matrice1!$Q9="Premium ")))),45%,0%))) -> 0.45 | W9: =Matrice1!$T9* (Matrice1!$V9/100) -> 0.445275
A10: Logs_Reseau_Part_01.xlsx | B10: 45212 | C10: 0.14027778 | D10: ANT-0862 | E10: 19 | F10: Non Résolu | G10: ANT-0862 | H10: Tanganyika | I10: -9.470862 | J10: 29.234388 | K10: 3G | L10: ZTE | M10: CLI-00626 | N10: Tanganyika | O10: =INT(Matrice1!$P10/12) & " ans et " & MOD(Matrice1!$P10,12) & " mois" -> 0 ans et 2 mois | P10: 2 | Q10: Pro Monde | R10: =Matrice1!$S10/1440 -> 0.098611111 | S10: 142 | T10: 37.8 | U10: 0 | V10: =IF(Matrice1!$Q10="Pro Monde",10%,IF(AND(Matrice1!$R10>12,Matrice1!$O10>5),70%,IF(AND(OR(Matrice1!$R10>=4,Matrice1!$R10<=12,Matrice1!$O10<5,(OR(Matrice1!$Q10="Premium ")))),45%,0%))) -> 0.1 | W10: =Matrice1!$T10* (Matrice1!$V10/100) -> 0.0378
A11: Logs_Reseau_Part_01.xlsx | B11: 45212 | C11: 0.14027778 | D11: ANT-0862 | E11: 19 | F11: Non Résolu | G11: ANT-0862 | H11: Tanganyika | I11: -9.470862 | J11: 29.234388 | K11: 3G | L11: ZTE | M11: CLI-01702 | N11: Tanganyika | O11: =INT(Matrice1!$P11/12) & " ans et " & MOD(Matrice1!$P11,12) & " mois" -> 5 ans et 3 mois | P11: 63 | Q11: Bloqué 5Go | R11: =Matrice1!$S11/1440 -> 0.27222222 | S11: 392 | T11: 93.11 | U11: 3 | V11: =IF(Matrice1!$Q11="Pro Monde",10%,IF(AND(Matrice1!$R11>12,Matrice1!$O11>5),70%,IF(AND(OR(Matrice1!$R11>=4,Matrice1!$R11<=12,Matrice1!$O11<5,(OR(Matrice1!$Q11="Premium ")))),45%,0%))) -> 0.45 | W11: =Matrice1!$T11* (Matrice1!$V11/100) -> 0.418995
A12: Logs_Reseau_Part_01.xlsx | B12: 45212 | C12: 0.14027778 | D12: ANT-0862 | E12: 19 | F12: Non Résolu | G12: ANT-0862 | H12: Tanganyika | I12: -9.470862 | J12: 29.234388 | K12: 3G | L12: ZTE | M12: CLI-00241 | N12: Tanganyika | O12: =INT(Matrice1!$P12/12) & " ans et " & MOD(Matrice1!$P12,12) & " mois" -> 4 ans et 2 mois | P12: 50 | Q12: Bloqué 5Go | R12: =Matrice1!$S12/1440 -> 0.17222222 | S12: 248 | T12: 69.42 | U12: 0 | V12: =IF(Matrice1!$Q12="Pro Monde",10%,IF(AND(Matrice1!$R12>12,Matrice1!$O12>5),70%,IF(AND(OR(Matrice1!$R12>=4,Matrice1!$R12<=12,Matrice1!$O12<5,(OR(Matrice1!$Q12="Premium ")))),45%,0%))) -> 0.45 | W12: =Matrice1!$T12* (Matrice1!$V12/100) -> 0.31239
A13: Logs_Reseau_Part_01.xlsx | B13: 45212 | C13: 0.14027778 | D13: ANT-0862 | E13: 19 | F13: Non Résolu | G13: ANT-0862 | H13: Tanganyika | I13: -9.470862 | J13: 29.234388 | K13: 3G | L13: ZTE | M13: CLI-01706 | N13: Tanganyika | O13: =INT(Matrice1!$P13/12) & " ans et " & MOD(Matrice1!$P13,12) & " mois" -> 4 ans et 7 mois | P13: 55 | Q13: Premium 5G 150Go | R13: =Matrice1!$S13/1440 -> 0.059722222 | S13: 86 | T13: 17.44 | U13: 2 | V13: =IF(Matrice1!$Q13="Pro Monde",10%,IF(AND(Matrice1!$R13>12,Matrice1!$O13>5),70%,IF(AND(OR(Matrice1!$R13>=4,Matrice1!$R13<=12,Matrice1!$O13<5,(OR(Matrice1!$Q13="Premium ")))),45%,0%))) -> 0.45 | W13: =Matrice1!$T13* (Matrice1!$V13/100) -> 0.07848
... A749: Logs_Reseau_Part_01.xlsx | B749: 45201 | C749: 0.88472222 | D749: ANT-0553 | E749: 54 | F749: En Cours | G749: ANT-0553 | H749: Nord-Kivu | I749: 4.628716 | J749: 19.407078 | K749: 4G | L749: Ericsson | M749: CLI-00800 | N749: Nord-Kivu | O749: =INT(Matrice1!$P749/12) & " ans et " & MOD(Matrice1!$P749,12) & " mois" -> 0 ans et 4 mois | P749: 4 | Q749: Bloqué 5Go | R749: =Matrice1!$S749/1440 -> 0.014583333 | S749: 21 | T749: 45.8 | U749: 1 | V749: =IF(Matrice1!$Q749="Pro Monde",10%,IF(AND(Matrice1!$R749>12,Matrice1!$O749>5),70%,IF(AND(OR(Matrice1!$R749>=4,Matrice1!$R749<=12,Matrice1!$O749<5,(OR(Matrice1!$Q749="Premium ")))),45%,0%))) -> 0.45 | W749: =Matrice1!$T749* (Matrice1!$V749/100) -> 0.2061
W750: =SUM(W2:W749) -> 144.1152

Sheet Feuil1
